Workbook

Sheet motorcycles
A1: motorcycle_id | B1: brand | C1: model | D1: variant | E1: body_type | F1: segment_group | G1: video_collected | H1: status
A2: aprilia_rs_457_standard | B2: Aprilia | C2: RS 457 | D2: Standard | E2: Sport | F2: Premium/Performance ICE | G2: =IF(COUNTIFS(videos!$A:$A,A2,videos!$C:$C,"<>")>=1,"Yes","No") | H2: =IF(G2="Yes","Done","Not started")
A3: aprilia_rs_660_standard | B3: Aprilia | C3: RS 660 | D3: Standard | E3: Sport | F3: Premium/Performance ICE | G3: =IF(COUNTIFS(videos!$A:$A,A3,videos!$C:$C,"<>")>=1,"Yes","No") | H3: =IF(G3="Yes","Done","Not started")
A4: aprilia_tuono_660_standard | B4: Aprilia | C4: Tuono 660 | D4: Standard | E4: Naked/Street | F4: Premium/Performance ICE | G4: =IF(COUNTIFS(videos!$A:$A,A4,videos!$C:$C,"<>")>=1,"Yes","No") | H4: =IF(G4="Yes","Done","Not started")
A5: aprilia_tuareg_660_standard | B5: Aprilia | C5: Tuareg 660 | D5: Standard | E5: Adventure | F5: Premium/Performance ICE | G5: =IF(COUNTIFS(videos!$A:$A,A5,videos!$C:$C,"<>")>=1,"Yes","No") | H5: =IF(G5="Yes","Done","Not started")
A6: aprilia_rsv4_factory_standard | B6: Aprilia | C6: RSV4 Factory | D6: Standard | E6: Superbike | F6: Premium/Performance ICE | G6: =IF(COUNTIFS(videos!$A:$A,A6,videos!$C:$C,"<>")>=1,"Yes","No") | H6: =IF(G6="Yes","Done","Not started")
A7: aprilia_sr_125_standard | B7: Aprilia | C7: SR 125 | D7: Standard | E7: Scooter | F7: Mass-market ICE | G7: =IF(COUNTIFS(videos!$A:$A,A7,videos!$C:$C,"<>")>=1,"Yes","No") | H7: =IF(G7="Yes","Done","Not started")
A8: aprilia_sr_160_standard | B8: Aprilia | C8: SR 160 | D8: Standard | E8: Scooter | F8: Mass-market ICE | G8: =IF(COUNTIFS(videos!$A:$A,A8,videos!$C:$C,"<>")>=1,"Yes","No") | H8: =IF(G8="Yes","Done","Not started")
A9: aprilia_sxr_160_standard | B9: Aprilia | C9: SXR 160 | D9: Standard | E9: Scooter | F9: Premium/Performance ICE | G9: =IF(COUNTIFS(videos!$A:$A,A9,videos!$C:$C,"<>")>=1,"Yes","No") | H9: =IF(G9="Yes","Done","Not started")
A10: bajaj_ct_110x_standard | B10: Bajaj | C10: CT 110X | D10: Standard | E10: Commuter | F10: Mass-market ICE | G10: =IF(COUNTIFS(videos!$A:$A,A10,videos!$C:$C,"<>")>=1,"Yes","No") | H10: =IF(G10="Yes","Done","Not started")
A11: bajaj_platina_100_es_drum | B11: Bajaj | C11: Platina 100 | D11: ES Drum | E11: Commuter | F11: Mass-market ICE | G11: =IF(COUNTIFS(videos!$A:$A,A11,videos!$C:$C,"<>")>=1,"Yes","No") | H11: =IF(G11="Yes","Done","Not started")
A12: bajaj_platina_110_abs | B12: Bajaj | C12: Platina 110 | D12: ABS | E12: Commuter | F12: Mass-market ICE | G12: =IF(COUNTIFS(videos!$A:$A,A12,videos!$C:$C,"<>")>=1,"Yes","No") | H12: =IF(G12="Yes","Done","Not started")
A13: bajaj_freedom_125_cng_ng04_disc_led | B13: Bajaj | C13: Freedom 125 (CNG) | D13: NG04 Disc LED | E13: Commuter | F13: Mass-market ICE | G13: =IF(COUNTIFS(videos!$A:$A,A13,videos!$C:$C,"<>")>=1,"Yes","No") | H13: =IF(G13="Yes","Done","Not started")
... A253: zontes_350v_standard | B253: Zontes | C253: 350V | D253: Standard | E253: Cruiser | F253: Premium/Performance ICE | G253: =IF(COUNTIFS(videos!$A:$A,A253,videos!$C:$C,"<>")>=1,"Yes","No") | H253: =IF(G253="Yes","Done","Not started")

Sheet videos
A1: motorcycle_id | B1: youtube_video_id | C1: youtube_url | D1: title | E1: channel | F1: review_type | G1: language | H1: duration_seconds | I1: published_at | J1: view_count | K1: is_ground_truth | L1: transcript_status | M1: transcript_path | N1: added_by | O1: date_added | P1: notes | Q1: created_at | R1: updated_at
A2: aprilia_rs_457_standard | B2: -er9MuJBMgw | C2: https://youtu.be/-er9MuJBMgw?si=uDe4QtfF3HBnMc7M | D2: Aprilia RS 457 Road Review | The Million Dollar Question! | Sagar Sheldekar Official | E2: Sagar Sheldekar Official | F2: journalist | G2: English | H2: 485 | I2: 45391 | J2: 306243 | K2: Y | L2: done | M2: transcripts\aprilia_rs_457_standard.txt
A3: aprilia_rs_660_standard | B3: t8iLGr2_O_YvqFw3 | C3: https://youtu.be/5ZWQAi23Mxg?si=t8iLGr2_O_YvqFw3 | D3: 2021 Aprilia RS 660 Review | Daily Rider | E3: RevZilla | F3: journalist | G3: English | H3: 2029 | I3: 44282 | J3: 663715 | K3: Y | L3: done | M3: transcripts\aprilia_rs_660_standard.txt
A4: aprilia_tuono_660_standard | B4: XSCcViGWnNWKz7vV | C4: https://youtu.be/evHypf_f8BY?si=XSCcViGWnNWKz7vV | D4: 2021 Aprilia Tuono 660 First Ride Review | E4: RevZilla | F4: journalist | G4: English | H4: 213 | I4: 44292 | J4: 126460 | K4: Y | L4: done | M4: transcripts\aprilia_tuono_660_standard.txt
A5: aprilia_tuareg_660_standard | B5: htrRbDlZBdN47iJx | C5: https://youtu.be/Cs-TlgsCJZs?si=htrRbDlZBdN47iJx | D5: 2022 Aprilia Tuareg 660 Review | Daily Rider | E5: RevZilla | F5: journalist | G5: English | H5: 2029 | I5: 44695 | J5: 332243 | K5: Y | L5: done | M5: transcripts\aprilia_tuareg_660_standard.txt
A6: aprilia_rsv4_factory_standard | B6: GdKu8vkerjU3fmrh | C6: https://youtu.be/IsJ910DvBBQ?si=GdKu8vkerjU3fmrh | D6: 2025 Aprilia RSV4 Factory 1100 review | Noale's finest superbike yet | MCN | E6: MCN | F6: journalist | G6: English | H6: 954 | I6: 45779 | J6: 243537 | K6: Y | L6: failed
A7: aprilia_sr_125_standard | B7: nPztt0hHJMwndVPE | C7: https://youtu.be/H0Tx3cpKMkM?si=nPztt0hHJMwndVPE | D7: 2018 Aprilia SR125 - 5 Things you need to know | First Ride Review | E7: ZigWheels | F7: journalist | G7: English | H7: 394 | I7: 43170 | J7: 247486 | K7: Y | L7: done | M7: transcripts\aprilia_sr_125_standard.txt
A8: aprilia_sr_160_standard | B8: pfXVF2LrK2TwSVht | C8: https://youtu.be/CsmsD8TQh1M?si=pfXVF2LrK2TwSVht | D8: 2021 Aprilia SR 160 | What You Should Know | First Ride Review | PowerDrift | E8: PowerDrift | F8: journalist | G8: English | H8: 352 | I8: 44528 | J8: 163394 | K8: Y | L8: done | M8: transcripts\aprilia_sr_160_standard.txt
A9: aprilia_sxr_160_standard | B9: tE5uSnwpztT3sEbX | C9: https://youtu.be/RBbtw5cgY6Q?si=tE5uSnwpztT3sEbX | D9: 2020 Aprilia SXR 160 review - Maxi impact | First Ride | Autocar India | E9: Autocar India | F9: journalist | G9: English | H9: 506 | I9: 44186 | J9: 343694 | K9: Y | L9: done | M9: transcripts\aprilia_sxr_160_standard.txt
A10: bajaj_ct_110x_standard | B10: ObNmu-MPdsb9ydgv | C10: https://youtu.be/BgEbtgOoh74?si=ObNmu-MPdsb9ydgv | D10: Bajaj CT110 X BS6 - Detailed Review | Mileage | Comfort | Price | Rev Explorers | E10: Rev Explorers | F10: journalist | G10: English | H10: 568 | I10: 44398 | J10: 86546 | K10: Y | L10: done | M10: transcripts\bajaj_ct_110x_standard.txt
A11: bajaj_platina_100_es_drum | B11: LTaVMgQo2bRbYTWj | C11: https://youtu.be/4CflawOlGvo?si=LTaVMgQo2bRbYTWj | D11: MILEAGE KING | BAJAJ PLATINA 100 | DETAILED REVIEW | E11: REVSOUL | F11: journalist | G11: English | H11: 501 | I11: 46157 | J11: 666 | K11: Y | L11: done | M11: transcripts\bajaj_platina_100_es_drum.txt
A12: bajaj_platina_110_abs | B12: tg9lq7b6zr05em_F | C12: https://youtu.be/NC_iCF-c65o?si=tg9lq7b6zr05em_F | D12: 2025 Bajaj Platina 110 FI Detailed Review | SR Motoworld | E12: SR Motoworld | F12: journalist | G12: Hindi | H12: 936 | I12: 45783 | J12: 109340 | K12: Y | L12: done | M12: transcripts\bajaj_platina_110_abs.txt
A13: bajaj_freedom_125_cng_ng04_disc_led | B13: 4tr3FePIzA0il1iX | C13: https://youtu.be/HkEpyVD1t3k?si=4tr3FePIzA0il1iX | D13: Bajaj Freedom 125 CNG - The Only Review You Need! | PowerDrift | E13: PowerDrift | F13: journalist | G13: English | H13: 750 | I13: 45487 | J13: 210345 | K13: Y | L13: done | M13: transcripts\bajaj_freedom_125_cng_ng04_disc_led.txt
A14: bajaj_pulsar_125_carbon_single_seat | B14: jZMj9--hAXL313Is | C14: https://youtu.be/pu6PwreWdow?si=jZMj9--hAXL313Is | D14: New Bajaj Pulsar 125 and 150 - The legend reimagined for 2026 | First Look | Autocar India | E14: Autocar India | F14: journalist | G14: English | K14: Y | L14: done | M14: transcripts\bajaj_pulsar_125_carbon_single_seat.txt
A15: bajaj_pulsar_n125_standard | C15: https://youtu.be/6DC64U_myuU?si=H5Q0yR1I8_wfxQo_ | K15: Y | L15: done | M15: transcripts\bajaj_pulsar_n125_standard.txt
A16: bajaj_pulsar_ns125_standard | C16: https://youtu.be/GBSX_eF8WxM?si=DQ1ULpZ8FZd9Un7S | K16: Y | L16: done | M16: transcripts\bajaj_pulsar_ns125_standard.txt
A17: bajaj_pulsar_150_single_disc | C17: https://youtu.be/WjducW5cC5Q?si=ltKubp2lwA67IyCx | K17: Y | L17: done | M17: transcripts\bajaj_pulsar_150_single_disc.txt
A18: bajaj_pulsar_n160_dual_channel_abs | C18: https://youtu.be/6IbrAP24UbM?si=huQxN2GdHxckU4Uh | K18: Y | L18: done | M18: transcripts\bajaj_pulsar_n160_dual_channel_abs.txt
A19: bajaj_pulsar_ns160_dual_channel_abs | C19: https://youtu.be/fw1D12pgfnw?si=7SwfR9wylNc4rkIP | K19: Y | L19: done | M19: transcripts\bajaj_pulsar_ns160_dual_channel_abs.txt
A20: bajaj_pulsar_220f_standard | C20: https://youtu.be/T6suU5PHsoY?si=UAaYq1gQC6soDu8V | K20: Y | L20: done | M20: transcripts\bajaj_pulsar_220f_standard.txt
A21: bajaj_pulsar_n250_standard | C21: https://youtu.be/nn49ocqTrFg?si=Z5sEeIv2_q_8WcWi | K21: Y | L21: done | M21: transcripts\bajaj_pulsar_n250_standard.txt
A22: bajaj_pulsar_ns200_dual_channel_abs | C22: https://youtu.be/CI4V3zELoVU?si=cUjM1z43onT7-j1_ | K22: Y | L22: done | M22: transcripts\bajaj_pulsar_ns200_dual_channel_abs.txt
A23: bajaj_pulsar_rs200_dual_channel_abs | C23: https://youtu.be/N1ERYf8d-Gw?si=z7uS1G21wnWunYEY | K23: Y | L23: done | M23: transcripts\bajaj_pulsar_rs200_dual_channel_abs.txt
A24: bajaj_pulsar_ns400z_standard | C24: https://youtu.be/tX6b4cYI9rk?si=6_WYw_e0j-zzy5ng | K24: Y | L24: done | M24: transcripts\bajaj_pulsar_ns400z_standard.txt
A25: bajaj_avenger_street_160_standard | C25: https://youtu.be/f_08zAzXUnU?si=EPy0Ga549QiXKBca | K25: Y | L25: done | M25: transcripts\bajaj_avenger_street_160_standard.txt
A26: bajaj_avenger_cruise_220_standard | C26: https://youtu.be/z3JxRLUQd6E?si=P8KW_JMiGwZbS5yE | K26: Y | L26: done | M26: transcripts\bajaj_avenger_cruise_220_standard.txt
... A28: bajaj_dominar_400_standard | C28: https://youtu.be/d8Y9OQkTYVk?si=lIS79q9Cyjy3ukBE | K28: Y | L28: done | M28: transcripts\bajaj_dominar_400_standard.txt
A29: benelli_imperiale_400_standard | K29: Y | L29: pending
A30: benelli_trk_251_standard | K30: Y | L30: pending
A31: benelli_trk_502_std | K31: Y | L31: pending
A32: benelli_trk_502x_standard | K32: Y | L32: pending
A33: benelli_leoncino_500_standard | K33: Y | L33: pending
A34: benelli_502c_standard | K34: Y | L34: pending
A35: bmw_motorrad_g_310_r_standard | C35: https://youtu.be/IEFbORGxsjA?si=IKppLxVbGK0fSLqv | K35: Y | L35: done | M35: transcripts\bmw_motorrad_g_310_r_standard.txt
A36: bmw_motorrad_g_310_gs_standard | C36: https://youtu.be/PgqaOOQh6oQ?si=yAjg5gcgc1yZweBY | K36: Y | L36: done | M36: transcripts\bmw_motorrad_g_310_gs_standard.txt
A37: bmw_motorrad_g_310_rr_standard | C37: https://youtu.be/RtmRTBCBfOE?si=YJ4fV5nX-KL9SzYu | K37: Y | L37: done | M37: transcripts\bmw_motorrad_g_310_rr_standard.txt
A38: bmw_motorrad_f_900_xr_standard | C38: https://youtu.be/JVviu6Q6sn4?si=wcWX8-vZrpTNoOl7 | K38: Y | L38: done | M38: transcripts\bmw_motorrad_f_900_xr_standard.txt
A39: bmw_motorrad_s_1000_rr_standard | C39: https://youtu.be/3UB4YSzkRG8?si=vWfk8KytFrxTCLNv | K39: Y | L39: done | M39: transcripts\bmw_motorrad_s_1000_rr_standard.txt
A40: bmw_motorrad_s_1000_xr_standard | C40: https://youtu.be/poCotQmZVwk?si=v2IvNENsiprlvle- | K40: Y | L40: done | M40: transcripts\bmw_motorrad_s_1000_xr_standard.txt
A41: bmw_motorrad_m_1000_rr_standard | C41: https://youtu.be/JJ_MoPRSidQ?si=ZSjSZhxfhUpzoLI8 | K41: Y | L41: done | M41: transcripts\bmw_motorrad_m_1000_rr_standard.txt
A42: bmw_motorrad_r_1250_gs_standard | C42: https://youtu.be/r0L2zWrQjCM?si=yHr_y-HwhQjYdvqD | K42: Y | L42: done | M42: transcripts\bmw_motorrad_r_1250_gs_standard.txt
A43: bmw_motorrad_r_1300_gs_standard | C43: https://youtu.be/AR3tTRIPUAU?si=db9eOSx-64Sq5Qpo | K43: Y | L43: done | M43: transcripts\bmw_motorrad_r_1300_gs_standard.txt
A44: bmw_motorrad_r_18_standard | C44: https://youtu.be/3KgjWedqsAc?si=8A4UITumvKwkIPat | K44: Y | L44: done | M44: transcripts\bmw_motorrad_r_18_standard.txt
A45: bmw_motorrad_ce_04_standard | C45: https://youtu.be/o3bBR7rn0dE?si=S2d8hvM8nZ-u6yIN | K45: Y | L45: done | M45: transcripts\bmw_motorrad_ce_04_standard.txt
A46: brixton_motorcycles_crossfire_500_x_standard | C46: https://youtu.be/F9qFcvqyl10?si=rL87R4mMoUHk2QHU | K46: Y | L46: done | M46: transcripts\brixton_motorcycles_crossfire_500_x_standard.txt
... A76: hero_motocorp_passion_plus_std | C76: https://youtu.be/IUywqFuWPos?si=IQNKpcJi_Ys6_1DZ | K76: Y | L76: done | M76: transcripts\hero_motocorp_passion_plus_std.txt
A77: hero_motocorp_glamour_drum | C77: https://youtu.be/7e3xA516MLY?si=IrifaUX4gLzYK32a | K77: Y | L77: failed
A78: hero_motocorp_glamour_xtec_drum | C78: https://youtu.be/7e3xA516MLY?si=IrifaUX4gLzYK32a | K78: Y | L78: done | M78: transcripts\hero_motocorp_glamour_xtec_drum.txt
A79: hero_motocorp_super_splendor_xtec_drum | C79: https://youtu.be/sVqdO2bHFCo?si=qppPjwYxax_VOlCH | K79: Y | L79: done | M79: transcripts\hero_motocorp_super_splendor_xtec_drum.txt
A80: hero_motocorp_xtreme_125r_ibs | C80: https://youtu.be/l4WYt-2RrDQ?si=rqBfC-iXJubc8wIq | K80: Y | L80: done | M80: transcripts\hero_motocorp_xtreme_125r_ibs.txt
A81: hero_motocorp_xtreme_160r_single_disc | C81: https://youtu.be/7wxkie5-XFc?si=w_n_IQND6NQjpNjk | K81: Y | L81: done | M81: transcripts\hero_motocorp_xtreme_160r_single_disc.txt
A82: hero_motocorp_xtreme_160r_4v_standard | C82: https://youtu.be/7wxkie5-XFc?si=w_n_IQND6NQjpNjk | K82: Y | L82: done | M82: transcripts\hero_motocorp_xtreme_160r_4v_standard.txt
A83: hero_motocorp_xtreme_250r_std | C83: https://youtu.be/8Y47c0XbRik?si=OMY50Nw8UgQRKS5z | K83: Y | L83: done | M83: transcripts\hero_motocorp_xtreme_250r_std.txt
A84: hero_motocorp_karizma_xmr_210_std | C84: https://youtu.be/CXeTylbyDgI?si=Rn4ior4vPUsrgmGi | K84: Y | L84: done | M84: transcripts\hero_motocorp_karizma_xmr_210_std.txt
A85: hero_motocorp_xpulse_200_4v_standard | C85: https://youtu.be/K6RS2nTHtug?si=mXESUEvnfSF6Xjcn | K85: Y | L85: failed
A86: hero_motocorp_xpulse_210_std | C86: https://youtu.be/66rjIppjNgM?si=i2RXyFdE1zLroSj_ | K86: Y | L86: done | M86: transcripts\hero_motocorp_xpulse_210_std.txt
A87: hero_motocorp_pleasure_plus_lx | C87: https://youtu.be/aBcWjNt67Mw?si=R22IG4S20scGcQLA | K87: Y | L87: done | M87: transcripts\hero_motocorp_pleasure_plus_lx.txt
A88: hero_motocorp_destini_110_std | C88: https://youtu.be/IJAQp-bod8U?si=C73WMOzlLe7RMzLA | K88: Y | L88: done | M88: transcripts\hero_motocorp_destini_110_std.txt
A89: hero_motocorp_destini_125_vx | C89: https://youtu.be/9wg59LlW78s?si=rPMKFNbgu9R5-sdO | K89: Y | L89: done | M89: transcripts\hero_motocorp_destini_125_vx.txt
A90: hero_motocorp_xoom_110_lx | C90: https://youtu.be/MI3MrOhEbw8?si=-OBMcZDLZtuldkdO | K90: Y | L90: done | M90: transcripts\hero_motocorp_xoom_110_lx.txt
A91: hero_motocorp_xoom_125_zx | C91: https://youtu.be/OixN-paU1RY?si=RzzGRbBbP9BYoKVO | K91: Y | L91: done | M91: transcripts\hero_motocorp_xoom_125_zx.txt
A92: hero_motocorp_xoom_160_std | C92: https://youtu.be/3BcuIEIn4Hk?si=pYYfzrqPFW_Oz024 | K92: Y | L92: done | M92: transcripts\hero_motocorp_xoom_160_std.txt
A93: honda_shine_100_standard | C93: https://youtu.be/f_ZK8XnzbG4?si=379Y4sD6IWMygb_m | K93: Y | L93: done | M93: transcripts\honda_shine_100_standard.txt
A94: honda_livo_drum_obd2 | C94: https://youtu.be/05PfY3aD6n0?si=zqjjxwy0X_t-X2dW | K94: Y | L94: done | M94: transcripts\honda_livo_drum_obd2.txt
A95: honda_shine_125_drum_obd2 | C95: https://youtu.be/xwc2TPYIZWo?si=gpC1LkJLjSifJqFm | K95: Y | L95: done | M95: transcripts\honda_shine_125_drum_obd2.txt
A96: honda_sp_125_drum_obd2 | C96: https://youtu.be/TaKzvvGUB-g?si=xTjmhHqpJLLL-Z5W | K96: Y | L96: done | M96: transcripts\honda_sp_125_drum_obd2.txt
A97: honda_unicorn_standard_obd2 | C97: https://youtu.be/9jJsAUF7XS0?si=2LIx38uAoM1X03qz | K97: Y | L97: done | M97: transcripts\honda_unicorn_standard_obd2.txt
... A99: honda_cb_125_hornet_standard | C99: https://youtu.be/1F84sRGV2i0?si=iYaHye8z3NCkPdYA | K99: Y | L99: done | M99: transcripts\honda_cb_125_hornet_standard.txt
A100: honda_hornet_2_0_standard_obd2 | C100: https://youtu.be/zjZagQLTGD8?si=BtTKX-fB97A_YyM2 | K100: Y | L100: failed
A101: honda_cb350_dlx | C101: https://youtu.be/8_G8Gn7_-VE?si=uRfRyg8WW22ga_mq | K101: Y | L101: done | M101: transcripts\honda_cb350_dlx.txt
A102: honda_h_ness_cb350_dlx | C102: https://youtu.be/v4xNCvZhyQs?si=AMDurHkcfgIVNW_a | K102: Y | L102: done | M102: transcripts\honda_h_ness_cb350_dlx.txt
A103: honda_cb350rs_dlx | C103: https://youtu.be/VGkh9ldQfcI?si=nwhMQQylLp2QWEcr | K103: Y | L103: failed
A104: honda_cb350c_standard | C104: https://youtu.be/sMIoVaSenME?si=kh2Cm9SVghQDrwPv | K104: Y | L104: done | M104: transcripts\honda_cb350c_standard.txt
A105: honda_nx200_standard_obd2 | C105: https://youtu.be/nm5MdGPL3sg?si=p1WwOgPp2Tw9EzD_ | K105: Y | L105: done | M105: transcripts\honda_nx200_standard_obd2.txt
A106: honda_activa_6g_standard_obd2 | C106: https://youtu.be/yZaUHA7ARgI?si=QbIjXUOLPGcVdwB0 | K106: Y | L106: done | M106: transcripts\honda_activa_6g_standard_obd2.txt
A107: honda_activa_125_drum_obd2 | C107: https://youtu.be/CSLzcp-OIE8?si=qIdNz2m1HwOWLt8U | K107: Y | L107: done | M107: transcripts\honda_activa_125_drum_obd2.txt
A108: honda_dio_standard_obd2 | C108: https://youtu.be/va7_DTRhW-w?si=7ZEK1Y0Mnt-C_HmI | K108: Y | L108: done | M108: transcripts\honda_dio_standard_obd2.txt
A109: honda_dio_125_standard_obd2 | C109: https://youtu.be/bOuqAFvqu7M?si=Yv6GSVa4coKtUmhJ | K109: Y | L109: done | M109: transcripts\honda_dio_125_standard_obd2.txt
A110: honda_transalp_xl750_standard | C110: https://youtu.be/UY7zXoRqYJE?si=WDkV7QfiuRPPQC_q | K110: Y | L110: done | M110: transcripts\honda_transalp_xl750_standard.txt
A111: honda_nx500_standard | C111: https://youtu.be/LqjCMxttuEs?si=aXtFu0m6dioJIv53 | K111: Y | L111: done | M111: transcripts\honda_nx500_standard.txt
A112: honda_cb750_hornet_standard | C112: https://youtu.be/_mARCHuy4PE?si=ygstb6IXyqkC4cfp | K112: Y | L112: done | M112: transcripts\honda_cb750_hornet_standard.txt
A113: honda_cb1000_hornet_standard | C113: https://youtu.be/hlrPMfJFNhA?si=nYCVMvvlnMoYoo-1 | K113: Y | L113: done | M113: transcripts\honda_cb1000_hornet_standard.txt
A114: honda_cbr1000rr_r_fireblade_sp | C114: https://youtu.be/mEJQ9h3Bia4?si=5mHWmDaNUprYAIot | K114: Y | L114: done | M114: transcripts\honda_cbr1000rr_r_fireblade_sp.txt
A115: honda_goldwing_tour_dct_airbag | C115: https://youtu.be/XSGCB8WAERA?si=Abr2E6tDh9zq4DkY | K115: Y | L115: done | M115: transcripts\honda_goldwing_tour_dct_airbag.txt
... A157: ktm_890_adventure_r_standard | C157: https://youtu.be/l_2ivLWr624?si=QMeTZ3l5KkkEgdZw | K157: Y | L157: done | M157: transcripts\ktm_890_adventure_r_standard.txt
A158: moto_guzzi_v7_stone | K158: Y | L158: pending
A159: moto_guzzi_v85_tt_standard | K159: Y | L159: pending
A160: moto_guzzi_v100_mandello_standard | K160: Y | L160: pending
A161: moto_morini_seiemmezzo_650_retro_street_standard | K161: Y | L161: pending
A162: moto_morini_seiemmezzo_650_scrambler_standard | K162: Y | L162: pending
A163: moto_morini_x_cape_650_standard | K163: Y | L163: pending
A164: moto_morini_x_cape_650x_standard | K164: Y | L164: pending
A165: qj_motor_src_250_standard | K165: Y | L165: pending
A166: qj_motor_src_500_standard | K166: Y | L166: pending
A167: qj_motor_srv_300_standard | K167: Y | L167: pending
A168: qj_motor_srk_400_white | K168: Y | L168: pending
A169: royal_enfield_hunter_350_retro_factory | C169: https://youtu.be/r4HLwbiO_U8?si=5xZ9HULc2ar3SIf- | K169: Y | L169: done | M169: transcripts\royal_enfield_hunter_350_retro_factory.txt
A170: royal_enfield_bullet_350_military_red | C170: https://youtu.be/b9XugLNGfms?si=yfwynPND_S1-Onwh | K170: Y | L170: done | M170: transcripts\royal_enfield_bullet_350_military_red.txt
A171: royal_enfield_classic_350_heritage | C171: https://youtu.be/88rgLE_eNJk?si=GIiIjF7uv6gU44p5 | K171: Y | L171: done | M171: transcripts\royal_enfield_classic_350_heritage.txt
A172: royal_enfield_meteor_350_fireball | C172: https://youtu.be/P-giG7xyURM?si=S33xiUEUq4ZoFfDM | K172: Y | L172: done | M172: transcripts\royal_enfield_meteor_350_fireball.txt
...

Sheet Legend & Instructions
A1: How to use this tracker
A2: Scope: 1 ground-truth review video per motorcycle (252 total), to learn/build the RAG pipeline end-to-end.
A3: - 'motorcycles': one row per bike (reference table). motorcycle_id is a generated slug (brand_model_variant).
A4: - 'videos': one row per motorcycle_id. Fill in the YELLOW cells once you find a review video.
A6: To log a video:
A7: 1. Find the motorcycle_id in the 'videos' tab.
A8: 2. Fill: youtube_video_id, youtube_url, title, channel, review_type, language, duration_seconds, published_at, view_count, added_by, date_added, notes.
A9: 3. Leave transcript_status = 'pending' and transcript_path blank until the transcript pipeline runs.
A10: 4. is_ground_truth defaults to 'Y' since these are the hand-picked seed videos.
A12: The 'motorcycles' tab auto-updates 'video_collected' and 'status' as you fill the 'videos' tab.
A14: Later, if you want to expand to 2-3 videos/bike for cross-source verification, just add more rows to 'videos' with the same motorcycle_id (the sheet already supports many-to-one).

Sheet Progress Summary
A1: Metric | B1: Value
A2: Total motorcycles | B2: 252
A3: Videos collected | B3: =COUNTIF(motorcycles!G2:G253,"Yes")
A4: Not started | B4: =COUNTIF(motorcycles!G2:G253,"No")
A5: % Complete | B5: =B3/B2
